URL,Product Name,Product Price,Rating,Number of Reviews,Description,ASIN,Product Description,Manufacturer
https://www.amazon.in/sspa/click?ie=UTF8&spc=MToyOTk2NDcyNzcwMzgzNjg1OjE2ODg3MzIxOTE6c3BfYXRmOjIwMDY1NTMzNjg0Njk4OjowOjo&url=%2FPOLICE-ltrs-cms-backpack-PTO020008_1_black%2Fdp%2FB0B81YTTWS%2Fref%3Dsr_1_1_sspa%3Fcrid%3D2M096C61O4MLT%26keywords%3Dbags%26qid%3D1688732191%26sprefix%3Dba%252Caps%252C283%26sr%3D8-1-spons%26sp_csd%3Dd2lkZ2V0TmFtZT1zcF9hdGY%26psc%3D1,"uppercase Medium 23 Ltrs Tall Boy (14.6 inch) Laptop Backpack 2500EBP1 3x more water resistant sustainable bag with rain proof zippers for Men, Women, Boys and Girls, 750 Days warranty","1,700",4.0,239 ratings,,B0B81YTTWS,,Acefour Accessories Pvt. Ltd.
https://www.amazon.in/sspa/click?ie=UTF8&spc=MToyOTk2NDcyNzcwMzgzNjg1OjE2ODg3MzIxOTE6c3BfYXRmOjIwMDY1NTMzNjg0Njk4OjowOjo&url=%2FPOLICE-ltrs-cms-backpack-PTO020008_1_black%2Fdp%2FB0B81YTTWS%2Fref%3Dsr_1_1_sspa%3Fcrid%3D2M096C61O4MLT%26keywords%3Dbags%26qid%3D1688732191%26sprefix%3Dba%252Caps%252C283%26sr%3D8-1-spons%26sp_csd%3Dd2lkZ2V0TmFtZT1zcF9hdGY%26psc%3D1,"uppercase Medium 23 Ltrs Tall Boy (14.6 inch) Laptop Backpack 2500EBP1 3x more water resistant sustainable bag with rain proof zippers for Men, Women, Boys and Girls, 750 Days warranty","1,700",4.0,239 ratings,,B0B81YTTWS,,Acefour Accessories Pvt. Ltd.
https://www.amazon.in/sspa/click?ie=UTF8&spc=MToyOTk2NDcyNzcwMzgzNjg1OjE2ODg3MzIxOTE6c3BfYXRmOjMwMDAwNTkxNzkwODkzMjo6MDo6&url=%2Fuppercase-Backpack-1800EBP2-resistant-sustainable%2Fdp%2FB0BQYJ8WP5%2Fref%3Dsr_1_2_sspa%3Fcrid%3D2M096C61O4MLT%26keywords%3Dbags%26qid%3D1688732191%26sprefix%3Dba%252Caps%252C283%26sr%3D8-2-spons%26sp_csd%3Dd2lkZ2V0TmFtZT1zcF9hdGY%26psc%3D1,"uppercase Laptop Backpack Printed Compact 3x more water repellent sustainable bags with rain proof zippers for Men, Women, Boys & Girls, 750 Days warranty (Blue)","1,350",4.0,95 ratings,,B0BQYJ8WP5,,Acefour Accessories Pvt. Ltd.
https://www.amazon.in/sspa/click?ie=UTF8&spc=MToyOTk2NDcyNzcwMzgzNjg1OjE2ODg3MzIxOTE6c3BfYXRmOjMwMDAwNTkxNzkwODkzMjo6MDo6&url=%2Fuppercase-Backpack-1800EBP2-resistant-sustainable%2Fdp%2FB0BQYJ8WP5%2Fref%3Dsr_1_2_sspa%3Fcrid%3D2M096C61O4MLT%26keywords%3Dbags%26qid%3D1688732191%26sprefix%3Dba%252Caps%252C283%26sr%3D8-2-spons%26sp_csd%3Dd2lkZ2V0TmFtZT1zcF9hdGY%26psc%3D1,"uppercase Laptop Backpack Printed Compact 3x more water repellent sustainable bags with rain proof zippers for Men, Women, Boys & Girls, 750 Days warranty (Blue)","1,350",4.0,95 ratings,,B0BQYJ8WP5,,Acefour Accessories Pvt. Ltd.
https://www.amazon.in/Skybags-Brat-Black-Casual-Backpack/dp/B08Z1HHHTD/ref=sr_1_3?crid=2M096C61O4MLT&keywords=bags&qid=1688732191&sprefix=ba%2Caps%2C283&sr=8-3,Skybags Brat Black 46 Cms Casual Backpack,599,4.1,"5,011 ratings","Ideal for a college student who does not carry a lot of books or laptop to college. Very stylish, slim and feature loaded Backpack",B08Z1HHHTD,"Ideal for a college student who does not carry a lot of books or laptop to college. Very stylish, slim and feature loaded Backpack",VIP Industries Ltd
https://www.amazon.in/Skybags-Brat-Black-Casual-Backpack/dp/B08Z1HHHTD/ref=sr_1_3?crid=2M096C61O4MLT&keywords=bags&qid=1688732191&sprefix=ba%2Caps%2C283&sr=8-3,Skybags Brat Black 46 Cms Casual Backpack,599,4.1,"5,011 ratings","Ideal for a college student who does not carry a lot of books or laptop to college. Very stylish, slim and feature loaded Backpack",B08Z1HHHTD,"Ideal for a college student who does not carry a lot of books or laptop to college. Very stylish, slim and feature loaded Backpack",VIP Industries Ltd
https://www.amazon.in/American-Tourister-AMT-SCH-02/dp/B07CJCGM1M/ref=sr_1_4?crid=2M096C61O4MLT&keywords=bags&qid=1688732191&sprefix=ba%2Caps%2C283&sr=8-4,American Tourister 32 Ltrs Black Casual Backpack (AMT FIZZ SCH BAG 02 - BLACK),"1,199.",4.0,"55,193 ratings",Not available,B07CJCGM1M,Not available,‎Samsonite
https://www.amazon.in/American-Tourister-AMT-SCH-02/dp/B07CJCGM1M/ref=sr_1_4?crid=2M096C61O4MLT&keywords=bags&qid=1688732191&sprefix=ba%2Caps%2C283&sr=8-4,American Tourister 32 Ltrs Black Casual Backpack (AMT FIZZ SCH BAG 02 - BLACK),"1,199.",4.0,"55,193 ratings",Not available,B07CJCGM1M,Not available,‎Samsonite
https://www.amazon.in/Wesley-Milestone-Waterproof-Backpack-Business/dp/B084JGJ8PF/ref=sr_1_5?crid=2M096C61O4MLT&keywords=bags&qid=1688732191&sprefix=ba%2Caps%2C283&sr=8-5,Wesley Milestone 2.0 Casual Waterproof Laptop Backpack/Office Bag/School Bag/College Bag/Business Bag/Travel Backpack (Dimensions:13x18 inches) (Compatible with 39.62cm(15.6inch laptop) 30 L (Blue & black),550.,4.3,"11,568 ratings",Not available,B084JGJ8PF,Not available,"‎Wesley, Longani Trading Company, F-82, Sector-1, Bawana Industrial Area, Delhi-110039"
https://www.amazon.in/Wesley-Milestone-Waterproof-Backpack-Business/dp/B084JGJ8PF/ref=sr_1_5?crid=2M096C61O4MLT&keywords=bags&qid=1688732191&sprefix=ba%2Caps%2C283&sr=8-5,Wesley Milestone 2.0 Casual Waterproof Laptop Backpack/Office Bag/School Bag/College Bag/Business Bag/Travel Backpack (Dimensions:13x18 inches) (Compatible with 39.62cm(15.6inch laptop) 30 L (Blue & black),550.,4.3,"11,568 ratings",Not available,B084JGJ8PF,Not available,"‎Wesley, Longani Trading Company, F-82, Sector-1, Bawana Industrial Area, Delhi-110039"
https://www.amazon.in/American-Tourister-BACKPACK-COMPARTMENT-ORGANIZER/dp/B0BTD4S4XF/ref=sr_1_6?crid=2M096C61O4MLT&keywords=bags&qid=1688732191&sprefix=ba%2Caps%2C283&sr=8-6,"American Tourister VALEX BLACK LAPTOP BACKPACK 28 Ltrs,Volume, LAPTOP COMPARTMENT, BOTTLE POCKET, FRONT ORGANIZER","1,299",4.3,422 ratings,"A backpack isn’t just a bag. It’s a cache, a case, a mobile base of sorts. And it is a reflection of the care you’ve put into selecting the ideal loadout of items to keep on you. Introducing Valex, a modern everyday backpacks collections are available in a variety of nice looking colours to express your true self",B0BTD4S4XF,"A backpack isn’t just a bag. It’s a cache, a case, a mobile base of sorts. And it is a reflection of the care you’ve put into selecting the ideal loadout of items to keep on you. Introducing Valex, a modern everyday backpacks collections are available in a variety of nice looking colours to express your true self",EXPERTS
https://www.amazon.in/American-Tourister-BACKPACK-COMPARTMENT-ORGANIZER/dp/B0BTD4S4XF/ref=sr_1_6?crid=2M096C61O4MLT&keywords=bags&qid=1688732191&sprefix=ba%2Caps%2C283&sr=8-6,"American Tourister VALEX BLACK LAPTOP BACKPACK 28 Ltrs,Volume, LAPTOP COMPARTMENT, BOTTLE POCKET, FRONT ORGANIZER","1,299",4.3,422 ratings,"A backpack isn’t just a bag. It’s a cache, a case, a mobile base of sorts. And it is a reflection of the care you’ve put into selecting the ideal loadout of items to keep on you. Introducing Valex, a modern everyday backpacks collections are available in a variety of nice looking colours to express your true self",B0BTD4S4XF,"A backpack isn’t just a bag. It’s a cache, a case, a mobile base of sorts. And it is a reflection of the care you’ve put into selecting the ideal loadout of items to keep on you. Introducing Valex, a modern everyday backpacks collections are available in a variety of nice looking colours to express your true self",EXPERTS
https://www.amazon.in/Half-Moon-Waterproof-Backpack-Students/dp/B085MHDJ93/ref=sr_1_7?crid=2M096C61O4MLT&keywords=bags&qid=1688732191&sprefix=ba%2Caps%2C283&sr=8-7,"Half Moon 35L Water Resistant 15.6 inch Laptop Bag for Men/Backpack for Men, Navy Blue | Office Bag for Men/Office Bag for Women with Padded Laptop Compartment | Rain Cover & Reflective Strips",649,3.9,"16,384 ratings",Not available,B085MHDJ93,Not available,Amazing Bags
https://www.amazon.in/Half-Moon-Waterproof-Backpack-Students/dp/B085MHDJ93/ref=sr_1_7?crid=2M096C61O4MLT&keywords=bags&qid=1688732191&sprefix=ba%2Caps%2C283&sr=8-7,"Half Moon 35L Water Resistant 15.6 inch Laptop Bag for Men/Backpack for Men, Navy Blue | Office Bag for Men/Office Bag for Women with Padded Laptop Compartment | Rain Cover & Reflective Strips",649,3.9,"16,384 ratings",Not available,B085MHDJ93,Not available,Amazing Bags
https://www.amazon.in/ADISA-Laptop-Backpack-Office-College/dp/B09TPX22NF/ref=sr_1_8?crid=2M096C61O4MLT&keywords=bags&qid=1688732191&sprefix=ba%2Caps%2C283&sr=8-8,ADISA 15.6 inch Laptop Backpack Office Bag College Travel Back Pack 32 Ltrs (z-Navy Blue),499.,3.9,960 ratings,Not available,B09TPX22NF,Not available,ADISA
https://www.amazon.in/ADISA-Laptop-Backpack-Office-College/dp/B09TPX22NF/ref=sr_1_8?crid=2M096C61O4MLT&keywords=bags&qid=1688732191&sprefix=ba%2Caps%2C283&sr=8-8,ADISA 15.6 inch Laptop Backpack Office Bag College Travel Back Pack 32 Ltrs (z-Navy Blue),499.,3.9,960 ratings,Not available,B09TPX22NF,Not available,ADISA
https://www.amazon.in/Gear-Black-Laptop-Backpack-LBPASPIRE0104/dp/B075MK4TXP/ref=sr_1_9?crid=2M096C61O4MLT&keywords=bags&qid=1688732191&sprefix=ba%2Caps%2C283&sr=8-9,Gear Aspire 30L Water Restant Office Laptop Bag/Backpack for Men/Women/(Black),"1,085",4.4,"5,780 ratings",,B075MK4TXP,,Gear Merchandise PVT LTD
https://www.amazon.in/Gear-Black-Laptop-Backpack-LBPASPIRE0104/dp/B075MK4TXP/ref=sr_1_9?crid=2M096C61O4MLT&keywords=bags&qid=1688732191&sprefix=ba%2Caps%2C283&sr=8-9,Gear Aspire 30L Water Restant Office Laptop Bag/Backpack for Men/Women/(Black),"1,085",4.4,"5,780 ratings",,B075MK4TXP,,Gear Merchandise PVT LTD
https://www.amazon.in/Number-Backpack-Compartment-Charging-Organizer/dp/B09VTDMRY7/ref=sr_1_10?crid=2M096C61O4MLT&keywords=bags&qid=1688732191&sprefix=ba%2Caps%2C283&sr=8-10,"FUR JADEN Anti Theft Number Lock Backpack Bag with 15.6 Inch Laptop Compartment, USB Charging Port & Organizer Pocket for Men Women Boys Girls",679,4.0,"4,655 ratings","Stay organized all day with a durable and lightweight backpack from Fur Jaden. This back pack is a stylish and functional accessory for men and women. Can add admiration to an appealing and daring personality with a remarkable aesthetics and functionality. This backpack features an anti-theft design. You can also charge your phone on the go and organize your stuff like pro. Fur Jaden functional back pack is apt to protect your gadgets and belongings from being stolen while you travel, thanks to its special anti-theft design. Now keep your belongings safe with style. The backpack features multiple compartments that you may use for your laptop and other essentials. A remarkable feature of this backpack allows you to charge your phone while you are on the move. With an attached charging dock in the back you may connect a portable power bank with ease. Weighing about 600grams, this backpack is lightweight. The backpack is able to house a laptop of up to 15.6 inches and has seven inner compartments to place your other essentials. Made from durable quality polymer this Fur Jaden back pack is sturdy and reliable. Flaunt this bag with style and low maintenance as this bag is washable. This backpack is also suitable for school or college. The straps are designed to distribute the weight equally on each shoulder preventing any sort of discomfort. Use this back pack for office, college/school or during travels.",B09VTDMRY7,"Stay organized all day with a durable and lightweight backpack from Fur Jaden. This back pack is a stylish and functional accessory for men and women. Can add admiration to an appealing and daring personality with a remarkable aesthetics and functionality. This backpack features an anti-theft design. You can also charge your phone on the go and organize your stuff like pro. Fur Jaden functional back pack is apt to protect your gadgets and belongings from being stolen while you travel, thanks to its special anti-theft design. Now keep your belongings safe with style. The backpack features multiple compartments that you may use for your laptop and other essentials. A remarkable feature of this backpack allows you to charge your phone while you are on the move. With an attached charging dock in the back you may connect a portable power bank with ease. Weighing about 600grams, this backpack is lightweight. The backpack is able to house a laptop of up to 15.6 inches and has seven inner compartments to place your other essentials. Made from durable quality polymer this Fur Jaden back pack is sturdy and reliable. Flaunt this bag with style and low maintenance as this bag is washable. This backpack is also suitable for school or college. The straps are designed to distribute the weight equally on each shoulder preventing any sort of discomfort. Use this back pack for office, college/school or during travels.",FUR JADEN
https://www.amazon.in/Number-Backpack-Compartment-Charging-Organizer/dp/B09VTDMRY7/ref=sr_1_10?crid=2M096C61O4MLT&keywords=bags&qid=1688732191&sprefix=ba%2Caps%2C283&sr=8-10,"FUR JADEN Anti Theft Number Lock Backpack Bag with 15.6 Inch Laptop Compartment, USB Charging Port & Organizer Pocket for Men Women Boys Girls",679,4.0,"4,655 ratings","Stay organized all day with a durable and lightweight backpack from Fur Jaden. This back pack is a stylish and functional accessory for men and women. Can add admiration to an appealing and daring personality with a remarkable aesthetics and functionality. This backpack features an anti-theft design. You can also charge your phone on the go and organize your stuff like pro. Fur Jaden functional back pack is apt to protect your gadgets and belongings from being stolen while you travel, thanks to its special anti-theft design. Now keep your belongings safe with style. The backpack features multiple compartments that you may use for your laptop and other essentials. A remarkable feature of this backpack allows you to charge your phone while you are on the move. With an attached charging dock in the back you may connect a portable power bank with ease. Weighing about 600grams, this backpack is lightweight. The backpack is able to house a laptop of up to 15.6 inches and has seven inner compartments to place your other essentials. Made from durable quality polymer this Fur Jaden back pack is sturdy and reliable. Flaunt this bag with style and low maintenance as this bag is washable. This backpack is also suitable for school or college. The straps are designed to distribute the weight equally on each shoulder preventing any sort of discomfort. Use this back pack for office, college/school or during travels.",B09VTDMRY7,"Stay organized all day with a durable and lightweight backpack from Fur Jaden. This back pack is a stylish and functional accessory for men and women. Can add admiration to an appealing and daring personality with a remarkable aesthetics and functionality. This backpack features an anti-theft design. You can also charge your phone on the go and organize your stuff like pro. Fur Jaden functional back pack is apt to protect your gadgets and belongings from being stolen while you travel, thanks to its special anti-theft design. Now keep your belongings safe with style. The backpack features multiple compartments that you may use for your laptop and other essentials. A remarkable feature of this backpack allows you to charge your phone while you are on the move. With an attached charging dock in the back you may connect a portable power bank with ease. Weighing about 600grams, this backpack is lightweight. The backpack is able to house a laptop of up to 15.6 inches and has seven inner compartments to place your other essentials. Made from durable quality polymer this Fur Jaden back pack is sturdy and reliable. Flaunt this bag with style and low maintenance as this bag is washable. This backpack is also suitable for school or college. The straps are designed to distribute the weight equally on each shoulder preventing any sort of discomfort. Use this back pack for office, college/school or during travels.",FUR JADEN
https://www.amazon.in/sspa/click?ie=UTF8&spc=MToyOTk2NDcyNzcwMzgzNjg1OjE2ODg3MzIxOTE6c3BfbXRmOjMwMDAwNjc5MTYyNzAzMjo6MDo6&url=%2FWALKENT-Expandable-Laptop-Straps-Macho%2Fdp%2FB0C7KPGR2Y%2Fref%3Dsr_1_11_sspa%3Fcrid%3D2M096C61O4MLT%26keywords%3Dbags%26qid%3D1688732191%26sprefix%3Dba%252Caps%252C283%26sr%3D8-11-spons%26sp_csd%3Dd2lkZ2V0TmFtZT1zcF9tdGY%26psc%3D1,"WALKENT 3 in 1 Expandable 17"" Laptop Bag for Men with Front Chest Straps, Flap Cover & More (Model Macho, 39 Liters, Black)","3,990",Previous,Not available,"The Walkent Macho Laptop Backpack is the perfect combination of style and functionality and some bold looks. A unique design bag for men who want more in their daily use.Here are some of the bag's key features: ✅ Expandable to Increase Space: The bag is designed to increase in size, providing you with additional storage space as and when you need it ✅ Side Bottle Pockets: Stay hydrated on the go with the convenient side bottle pockets ✅ Cushioned Shoulder Bags: The cushioned shoulder straps ensure maximum comfort, even when carrying the bag for extended periods ✅ Waterproof & Scratch-Resistant: The bag is made of waterproof & scratch-resistant polyester & vegan leather, ensuring the safety of your laptop & other essentials in all weather conditions ✅ Front Utility Pockets: Keep your most needed things within easy reach with the front utility pockets ✅ Organizer Pockets: The bag has organizer pockets on the inside, allowing you to keep your belongings organized ✅ Openable Sideways: The Macho bag can be opened sideways, making it easier to arrange your belongings ✅ Hideable Shoulder Straps: The shoulder straps can be hidden with a foldable flap ✅ Three Carrying Options: The Macho bag can be carried in three different ways - like a school bag, handbag, or duffle bag, depending on your preference  ✅ Front Chest Straps: The front chest straps ensure easy load distribution, reducing the strain on your back and shoulders  ✅ Large Capacity: With a capacity of 39 liters, the Macho bag can easily accommodate a 17-inch laptop & other essentials✅ Stylish & Fashionable: The Macho bag is a stylish & fashionable bag that's perfect for office & college use by boys and menThe Walkent Macho laptop backpack is an ideal choice for anyone looking for a waterproof, stylish, & functional bag for office and college use. The macho styling make this bag unique and highly attractive. BUY NOW",B0C7KPGR2Y,"The Walkent Macho Laptop Backpack is the perfect combination of style and functionality and some bold looks. A unique design bag for men who want more in their daily use.Here are some of the bag's key features: ✅ Expandable to Increase Space: The bag is designed to increase in size, providing you with additional storage space as and when you need it ✅ Side Bottle Pockets: Stay hydrated on the go with the convenient side bottle pockets ✅ Cushioned Shoulder Bags: The cushioned shoulder straps ensure maximum comfort, even when carrying the bag for extended periods ✅ Waterproof & Scratch-Resistant: The bag is made of waterproof & scratch-resistant polyester & vegan leather, ensuring the safety of your laptop & other essentials in all weather conditions ✅ Front Utility Pockets: Keep your most needed things within easy reach with the front utility pockets ✅ Organizer Pockets: The bag has organizer pockets on the inside, allowing you to keep your belongings organized ✅ Openable Sideways: The Macho bag can be opened sideways, making it easier to arrange your belongings ✅ Hideable Shoulder Straps: The shoulder straps can be hidden with a foldable flap ✅ Three Carrying Options: The Macho bag can be carried in three different ways - like a school bag, handbag, or duffle bag, depending on your preference  ✅ Front Chest Straps: The front chest straps ensure easy load distribution, reducing the strain on your back and shoulders  ✅ Large Capacity: With a capacity of 39 liters, the Macho bag can easily accommodate a 17-inch laptop & other essentials✅ Stylish & Fashionable: The Macho bag is a stylish & fashionable bag that's perfect for office & college use by boys and menThe Walkent Macho laptop backpack is an ideal choice for anyone looking for a waterproof, stylish, & functional bag for office and college use. The macho styling make this bag unique and highly attractive. BUY NOW",Walkent OEM
https://www.amazon.in/sspa/click?ie=UTF8&spc=MToyOTk2NDcyNzcwMzgzNjg1OjE2ODg3MzIxOTE6c3BfbXRmOjMwMDAwNjc5MTYyNzAzMjo6MDo6&url=%2FWALKENT-Expandable-Laptop-Straps-Macho%2Fdp%2FB0C7KPGR2Y%2Fref%3Dsr_1_11_sspa%3Fcrid%3D2M096C61O4MLT%26keywords%3Dbags%26qid%3D1688732191%26sprefix%3Dba%252Caps%252C283%26sr%3D8-11-spons%26sp_csd%3Dd2lkZ2V0TmFtZT1zcF9tdGY%26psc%3D1,"WALKENT 3 in 1 Expandable 17"" Laptop Bag for Men with Front Chest Straps, Flap Cover & More (Model Macho, 39 Liters, Black)","3,990",Previous,Not available,"The Walkent Macho Laptop Backpack is the perfect combination of style and functionality and some bold looks. A unique design bag for men who want more in their daily use.Here are some of the bag's key features: ✅ Expandable to Increase Space: The bag is designed to increase in size, providing you with additional storage space as and when you need it ✅ Side Bottle Pockets: Stay hydrated on the go with the convenient side bottle pockets ✅ Cushioned Shoulder Bags: The cushioned shoulder straps ensure maximum comfort, even when carrying the bag for extended periods ✅ Waterproof & Scratch-Resistant: The bag is made of waterproof & scratch-resistant polyester & vegan leather, ensuring the safety of your laptop & other essentials in all weather conditions ✅ Front Utility Pockets: Keep your most needed things within easy reach with the front utility pockets ✅ Organizer Pockets: The bag has organizer pockets on the inside, allowing you to keep your belongings organized ✅ Openable Sideways: The Macho bag can be opened sideways, making it easier to arrange your belongings ✅ Hideable Shoulder Straps: The shoulder straps can be hidden with a foldable flap ✅ Three Carrying Options: The Macho bag can be carried in three different ways - like a school bag, handbag, or duffle bag, depending on your preference  ✅ Front Chest Straps: The front chest straps ensure easy load distribution, reducing the strain on your back and shoulders  ✅ Large Capacity: With a capacity of 39 liters, the Macho bag can easily accommodate a 17-inch laptop & other essentials✅ Stylish & Fashionable: The Macho bag is a stylish & fashionable bag that's perfect for office & college use by boys and menThe Walkent Macho laptop backpack is an ideal choice for anyone looking for a waterproof, stylish, & functional bag for office and college use. The macho styling make this bag unique and highly attractive. BUY NOW",B0C7KPGR2Y,"The Walkent Macho Laptop Backpack is the perfect combination of style and functionality and some bold looks. A unique design bag for men who want more in their daily use.Here are some of the bag's key features: ✅ Expandable to Increase Space: The bag is designed to increase in size, providing you with additional storage space as and when you need it ✅ Side Bottle Pockets: Stay hydrated on the go with the convenient side bottle pockets ✅ Cushioned Shoulder Bags: The cushioned shoulder straps ensure maximum comfort, even when carrying the bag for extended periods ✅ Waterproof & Scratch-Resistant: The bag is made of waterproof & scratch-resistant polyester & vegan leather, ensuring the safety of your laptop & other essentials in all weather conditions ✅ Front Utility Pockets: Keep your most needed things within easy reach with the front utility pockets ✅ Organizer Pockets: The bag has organizer pockets on the inside, allowing you to keep your belongings organized ✅ Openable Sideways: The Macho bag can be opened sideways, making it easier to arrange your belongings ✅ Hideable Shoulder Straps: The shoulder straps can be hidden with a foldable flap ✅ Three Carrying Options: The Macho bag can be carried in three different ways - like a school bag, handbag, or duffle bag, depending on your preference  ✅ Front Chest Straps: The front chest straps ensure easy load distribution, reducing the strain on your back and shoulders  ✅ Large Capacity: With a capacity of 39 liters, the Macho bag can easily accommodate a 17-inch laptop & other essentials✅ Stylish & Fashionable: The Macho bag is a stylish & fashionable bag that's perfect for office & college use by boys and menThe Walkent Macho laptop backpack is an ideal choice for anyone looking for a waterproof, stylish, & functional bag for office and college use. The macho styling make this bag unique and highly attractive. BUY NOW",Walkent OEM
https://www.amazon.in/sspa/click?ie=UTF8&spc=MToyOTk2NDcyNzcwMzgzNjg1OjE2ODg3MzIxOTE6c3BfbXRmOjIwMTA1NzE1ODIxNTk4OjowOjo&url=%2Fuppercase-Professional-resistant-sustainable-Anti-theft%2Fdp%2FB0BR1C59R8%2Fref%3Dsr_1_12_sspa%3Fcrid%3D2M096C61O4MLT%26keywords%3Dbags%26qid%3D1688732191%26sprefix%3Dba%252Caps%252C283%26sr%3D8-12-spons%26sp_csd%3Dd2lkZ2V0TmFtZT1zcF9tdGY%26psc%3D1,"uppercase SealPro Professional Laptop Backpack (15.6 Inch) 3x more water resistant sustainable bags with rain proof zippers & Anti-theft for Men, Women, Boys and Girls, 750 Days warranty","1,900",4.6,63 ratings,,B0BR1C59R8,,Acefour Accessories Pvt. Ltd.
https://www.amazon.in/sspa/click?ie=UTF8&spc=MToyOTk2NDcyNzcwMzgzNjg1OjE2ODg3MzIxOTE6c3BfbXRmOjIwMTA1NzE1ODIxNTk4OjowOjo&url=%2Fuppercase-Professional-resistant-sustainable-Anti-theft%2Fdp%2FB0BR1C59R8%2Fref%3Dsr_1_12_sspa%3Fcrid%3D2M096C61O4MLT%26keywords%3Dbags%26qid%3D1688732191%26sprefix%3Dba%252Caps%252C283%26sr%3D8-12-spons%26sp_csd%3Dd2lkZ2V0TmFtZT1zcF9tdGY%26psc%3D1,"uppercase SealPro Professional Laptop Backpack (15.6 Inch) 3x more water resistant sustainable bags with rain proof zippers & Anti-theft for Men, Women, Boys and Girls, 750 Days warranty","1,900",4.6,63 ratings,,B0BR1C59R8,,Acefour Accessories Pvt. Ltd.
https://www.amazon.in/Gear-Classic-Leather-Backpack-LBPCLSLTH0201/dp/B07G4F6XFH/ref=sr_1_13?crid=2M096C61O4MLT&keywords=bags&qid=1688732191&sprefix=ba%2Caps%2C283&sr=8-13,Gear Classic 20L Faux Leather Water Resistant Anti Theft Laptop Bag/Backpack for Men/Women-Brown,988,4.4,"5,857 ratings","Gear bags are designed for the quick commute as well for the long journey. these backpacks can be used as laptop bags,adventure bags and so on. Your favorite travel companion, The backpacks come with enough storage space to carry all your requirements.",B07G4F6XFH,"Gear bags are designed for the quick commute as well for the long journey. these backpacks can be used as laptop bags,adventure bags and so on. Your favorite travel companion, The backpacks come with enough storage space to carry all your requirements.",Gear Merchandise PVT LTD
https://www.amazon.in/Gear-Classic-Leather-Backpack-LBPCLSLTH0201/dp/B07G4F6XFH/ref=sr_1_13?crid=2M096C61O4MLT&keywords=bags&qid=1688732191&sprefix=ba%2Caps%2C283&sr=8-13,Gear Classic 20L Faux Leather Water Resistant Anti Theft Laptop Bag/Backpack for Men/Women-Brown,988,4.4,"5,857 ratings","Gear bags are designed for the quick commute as well for the long journey. these backpacks can be used as laptop bags,adventure bags and so on. Your favorite travel companion, The backpacks come with enough storage space to carry all your requirements.",B07G4F6XFH,"Gear bags are designed for the quick commute as well for the long journey. these backpacks can be used as laptop bags,adventure bags and so on. Your favorite travel companion, The backpacks come with enough storage space to carry all your requirements.",Gear Merchandise PVT LTD
https://www.amazon.in/Rucksack-Travel-Backpack-Trekking-Compartment/dp/B07YDGQQN5/ref=sr_1_14?crid=2M096C61O4MLT&keywords=bags&qid=1688732191&sprefix=ba%2Caps%2C283&sr=8-14,"Fur Jaden 55 LTR Rucksack Travel Backpack Bag for Trekking, Hiking with Shoe Compartment",849,4.3,"5,383 ratings",,B07YDGQQN5,,Fur Jaden
https://www.amazon.in/Rucksack-Travel-Backpack-Trekking-Compartment/dp/B07YDGQQN5/ref=sr_1_14?crid=2M096C61O4MLT&keywords=bags&qid=1688732191&sprefix=ba%2Caps%2C283&sr=8-14,"Fur Jaden 55 LTR Rucksack Travel Backpack Bag for Trekking, Hiking with Shoe Compartment",849,4.3,"5,383 ratings",,B07YDGQQN5,,Fur Jaden
https://www.amazon.in/Half-Moon-Resistant-Backpack-Compartment/dp/B0BJ32LQ6X/ref=sr_1_15?crid=2M096C61O4MLT&keywords=bags&qid=1688732191&sprefix=ba%2Caps%2C283&sr=8-15,Half Moon Large 37L Laptop Bag Backpack for menं Women Boys and Girls Luggage Travel Bags with 17.3 inches Laptop Compartment & Rain Cover,849,3.9,"3,080 ratings","This backpack is lightweight water-resistant, capacity of approx 37 Ltr, has a soft and ventilated back panel, and is perfect for carrying all your necessities. Adjustable and breathable padded shoulder strap to meet different requirements for both men and women; made from highly rip and water-resistant polyester fabric, provide strengthen and long-lasting performance; roomy enough for your traveling requirements also having a Rain cover.",B0BJ32LQ6X,"This backpack is lightweight water-resistant, capacity of approx 37 Ltr, has a soft and ventilated back panel, and is perfect for carrying all your necessities. Adjustable and breathable padded shoulder strap to meet different requirements for both men and women; made from highly rip and water-resistant polyester fabric, provide strengthen and long-lasting performance; roomy enough for your traveling requirements also having a Rain cover.",Amazing Bags
https://www.amazon.in/Half-Moon-Resistant-Backpack-Compartment/dp/B0BJ32LQ6X/ref=sr_1_15?crid=2M096C61O4MLT&keywords=bags&qid=1688732191&sprefix=ba%2Caps%2C283&sr=8-15,Half Moon Large 37L Laptop Bag Backpack for menं Women Boys and Girls Luggage Travel Bags with 17.3 inches Laptop Compartment & Rain Cover,849,3.9,"3,080 ratings","This backpack is lightweight water-resistant, capacity of approx 37 Ltr, has a soft and ventilated back panel, and is perfect for carrying all your necessities. Adjustable and breathable padded shoulder strap to meet different requirements for both men and women; made from highly rip and water-resistant polyester fabric, provide strengthen and long-lasting performance; roomy enough for your traveling requirements also having a Rain cover.",B0BJ32LQ6X,"This backpack is lightweight water-resistant, capacity of approx 37 Ltr, has a soft and ventilated back panel, and is perfect for carrying all your necessities. Adjustable and breathable padded shoulder strap to meet different requirements for both men and women; made from highly rip and water-resistant polyester fabric, provide strengthen and long-lasting performance; roomy enough for your traveling requirements also having a Rain cover.",Amazing Bags
https://www.amazon.in/SAFARI-Ltrs-Casual-Backpack-DAYPACKNEO15CBSEB/dp/B07Q7CNPMV/ref=sr_1_16?crid=2M096C61O4MLT&keywords=bags&qid=1688732191&sprefix=ba%2Caps%2C283&sr=8-16,SAFARI 15 Ltrs Sea Blue Casual/School/College Backpack (DAYPACKNEO15CBSEB),248,4.0,"19,774 ratings","Be it your short trips or your daily travel across the city, daypack has got you covered. With a 15 litre capacity daypack lets you carry your wallet, umbrella, kerchief, keys, earphones, Notepad, pens and other Essentials. The drawstring compartment lets you dump things that you pick up on your way. Compact Size and 2 Compartment.",B07Q7CNPMV,"Be it your short trips or your daily travel across the city, daypack has got you covered. With a 15 litre capacity daypack lets you carry your wallet, umbrella, kerchief, keys, earphones, Notepad, pens and other Essentials. The drawstring compartment lets you dump things that you pick up on your way. Compact Size and 2 Compartment.",Safari Industries (India) Ltd
https://www.amazon.in/SAFARI-Ltrs-Casual-Backpack-DAYPACKNEO15CBSEB/dp/B07Q7CNPMV/ref=sr_1_16?crid=2M096C61O4MLT&keywords=bags&qid=1688732191&sprefix=ba%2Caps%2C283&sr=8-16,SAFARI 15 Ltrs Sea Blue Casual/School/College Backpack (DAYPACKNEO15CBSEB),248,4.0,"19,775 ratings","Be it your short trips or your daily travel across the city, daypack has got you covered. With a 15 litre capacity daypack lets you carry your wallet, umbrella, kerchief, keys, earphones, Notepad, pens and other Essentials. The drawstring compartment lets you dump things that you pick up on your way. Compact Size and 2 Compartment.",B07Q7CNPMV,"Be it your short trips or your daily travel across the city, daypack has got you covered. With a 15 litre capacity daypack lets you carry your wallet, umbrella, kerchief, keys, earphones, Notepad, pens and other Essentials. The drawstring compartment lets you dump things that you pick up on your way. Compact Size and 2 Compartment.",Safari Industries (India) Ltd
https://www.amazon.in/ADISA-Laptop-Backpack-Office-College/dp/B0BPVLXD53/ref=sr_1_17?crid=2M096C61O4MLT&keywords=bags&qid=1688732191&sprefix=ba%2Caps%2C283&sr=8-17,ADISA 32L Large Laptop Backpack Office Bag College Travel Back Pack with rain Cover (Grey),599.,3.8,226 ratings,Not available,B0BPVLXD53,Not available,ADISA
https://www.amazon.in/ADISA-Laptop-Backpack-Office-College/dp/B0BPVLXD53/ref=sr_1_17?crid=2M096C61O4MLT&keywords=bags&qid=1688732191&sprefix=ba%2Caps%2C283&sr=8-17,ADISA 32L Large Laptop Backpack Office Bag College Travel Back Pack with rain Cover (Grey),599.,3.8,226 ratings,Not available,B0BPVLXD53,Not available,ADISA
https://www.amazon.in/American-Tourister-BACKPACK-COMPARTMENT-ORGANIZER/dp/B0BTD4FK9G/ref=sr_1_18?crid=2M096C61O4MLT&keywords=bags&qid=1688732191&sprefix=ba%2Caps%2C283&sr=8-18,"American Tourister VALEX BLUE LAPTOP BACKPACK 28 Ltrs,Volume, LAPTOP COMPARTMENT, BOTTLE POCKET, FRONT ORGANIZER","1,399",4.3,426 ratings,"A backpack isn’t just a bag. It’s a cache, a case, a mobile base of sorts. And it is a reflection of the care you’ve put into selecting the ideal loadout of items to keep on you. Introducing Valex, a modern everyday backpacks collections are available in a variety of nice looking colours to express your true self",B0BTD4FK9G,"A backpack isn’t just a bag. It’s a cache, a case, a mobile base of sorts. And it is a reflection of the care you’ve put into selecting the ideal loadout of items to keep on you. Introducing Valex, a modern everyday backpacks collections are available in a variety of nice looking colours to express your true self",EXPERTS
https://www.amazon.in/American-Tourister-BACKPACK-COMPARTMENT-ORGANIZER/dp/B0BTD4FK9G/ref=sr_1_18?crid=2M096C61O4MLT&keywords=bags&qid=1688732191&sprefix=ba%2Caps%2C283&sr=8-18,"American Tourister VALEX BLUE LAPTOP BACKPACK 28 Ltrs,Volume, LAPTOP COMPARTMENT, BOTTLE POCKET, FRONT ORGANIZER","1,399",4.3,426 ratings,"A backpack isn’t just a bag. It’s a cache, a case, a mobile base of sorts. And it is a reflection of the care you’ve put into selecting the ideal loadout of items to keep on you. Introducing Valex, a modern everyday backpacks collections are available in a variety of nice looking colours to express your true self",B0BTD4FK9G,"A backpack isn’t just a bag. It’s a cache, a case, a mobile base of sorts. And it is a reflection of the care you’ve put into selecting the ideal loadout of items to keep on you. Introducing Valex, a modern everyday backpacks collections are available in a variety of nice looking colours to express your true self",EXPERTS
https://www.amazon.in/SFANE-Duffel-Shoulder-Women-Compartment/dp/B07XXFB9CZ/ref=sr_1_19?crid=2M096C61O4MLT&keywords=bags&qid=1688732191&sprefix=ba%2Caps%2C283&sr=8-19,Sfane Polyester 23cms Duffle/Shoulder/Gym Bag for Men & Women with Separate Shoe Compartment (Grey),387.,4.3,"7,491 ratings","Sfane Sports Bag practical everyday sizing make it great for hauling just about anything.Big compartments holds Sports Clothing, Gloves, Shaker, Sports ball, Sports Accessories, etc. Or anything that might be wet or soiled. High quality provide years of dependable service. Made in India.",B07XXFB9CZ,"Sfane Sports Bag practical everyday sizing make it great for hauling just about anything.Big compartments holds Sports Clothing, Gloves, Shaker, Sports ball, Sports Accessories, etc. Or anything that might be wet or soiled. High quality provide years of dependable service. Made in India.",No
https://www.amazon.in/SFANE-Duffel-Shoulder-Women-Compartment/dp/B07XXFB9CZ/ref=sr_1_19?crid=2M096C61O4MLT&keywords=bags&qid=1688732191&sprefix=ba%2Caps%2C283&sr=8-19,Sfane Polyester 23cms Duffle/Shoulder/Gym Bag for Men & Women with Separate Shoe Compartment (Grey),387.,4.3,"7,491 ratings","Sfane Sports Bag practical everyday sizing make it great for hauling just about anything.Big compartments holds Sports Clothing, Gloves, Shaker, Sports ball, Sports Accessories, etc. Or anything that might be wet or soiled. High quality provide years of dependable service. Made in India.",B07XXFB9CZ,"Sfane Sports Bag practical everyday sizing make it great for hauling just about anything.Big compartments holds Sports Clothing, Gloves, Shaker, Sports ball, Sports Accessories, etc. Or anything that might be wet or soiled. High quality provide years of dependable service. Made in India.",No
https://www.amazon.in/FUR-JADEN-Leatherette-Polypropylene-DUFF05/dp/B07M9BRCQ5/ref=sr_1_20?crid=2M096C61O4MLT&keywords=bags&qid=1688732191&sprefix=ba%2Caps%2C283&sr=8-20,Fur Jaden Brown Textured Leatherette Stylish & Spacious Weekender Duffle Bag for Travel,899.,4.3,"6,184 ratings",Fur Jaden Brown Textured Leatherette Stylish & Spacious Weekender Duffle Bag for Travel,B07M9BRCQ5,Fur Jaden Brown Textured Leatherette Stylish & Spacious Weekender Duffle Bag for Travel,No
https://www.amazon.in/FUR-JADEN-Leatherette-Polypropylene-DUFF05/dp/B07M9BRCQ5/ref=sr_1_20?crid=2M096C61O4MLT&keywords=bags&qid=1688732191&sprefix=ba%2Caps%2C283&sr=8-20,Fur Jaden Brown Textured Leatherette Stylish & Spacious Weekender Duffle Bag for Travel,899.,4.3,"6,184 ratings",Fur Jaden Brown Textured Leatherette Stylish & Spacious Weekender Duffle Bag for Travel,B07M9BRCQ5,Fur Jaden Brown Textured Leatherette Stylish & Spacious Weekender Duffle Bag for Travel,No
https://www.amazon.in/sspa/click?ie=UTF8&spc=MToyOTk2NDcyNzcwMzgzNjg1OjE2ODg3MzIxOTE6c3BfYnRmOjIwMTI1ODk5OTIwNjk4OjowOjo&url=%2Fuppercase-Professional-Backpack-resistant-sustainable%2Fdp%2FB0BWNBQXDZ%2Fref%3Dsr_1_21_sspa%3Fcrid%3D2M096C61O4MLT%26keywords%3Dbags%26qid%3D1688732191%26sprefix%3Dba%252Caps%252C283%26sr%3D8-21-spons%26sp_csd%3Dd2lkZ2V0TmFtZT1zcF9idGY%26psc%3D1,"uppercase Apex Professional Laptop Backpack (15.6 Inch) 3x more water resistant sustainable bags with rain proof zippers for Men, Women, Boys and Girls, 750 Days warranty","1,800",4.3,58 ratings,,B0BWNBQXDZ,,Acefour Accessories Pvt. Ltd.
https://www.amazon.in/sspa/click?ie=UTF8&spc=MToyOTk2NDcyNzcwMzgzNjg1OjE2ODg3MzIxOTE6c3BfYnRmOjIwMTI1ODk5OTIwNjk4OjowOjo&url=%2Fuppercase-Professional-Backpack-resistant-sustainable%2Fdp%2FB0BWNBQXDZ%2Fref%3Dsr_1_21_sspa%3Fcrid%3D2M096C61O4MLT%26keywords%3Dbags%26qid%3D1688732191%26sprefix%3Dba%252Caps%252C283%26sr%3D8-21-spons%26sp_csd%3Dd2lkZ2V0TmFtZT1zcF9idGY%26psc%3D1,"uppercase Apex Professional Laptop Backpack (15.6 Inch) 3x more water resistant sustainable bags with rain proof zippers for Men, Women, Boys and Girls, 750 Days warranty","1,800",4.3,58 ratings,,B0BWNBQXDZ,,Acefour Accessories Pvt. Ltd.
https://www.amazon.in/sspa/click?ie=UTF8&spc=MToyOTk2NDcyNzcwMzgzNjg1OjE2ODg3MzIxOTE6c3BfYnRmOjMwMDAwNDA3NTY3ODQzMjo6MDo6&url=%2FPramadda-Pure-Luxury-Compartment-Tourister%2Fdp%2FB0C8KSC5N7%2Fref%3Dsr_1_22_sspa%3Fcrid%3D2M096C61O4MLT%26keywords%3Dbags%26qid%3D1688732191%26sprefix%3Dba%252Caps%252C283%26sr%3D8-22-spons%26sp_csd%3Dd2lkZ2V0TmFtZT1zcF9idGY%26psc%3D1,Pramadda Pure Luxury Elegant Vegan Leather 15.6 Inch Laptop Backpack for Men Women | Trendy Bags for Office College School Travel | Three Compartment Tourister Leather Bags. (Choco Brown),"1,399.",5.0,1 rating,"Introducing a business laptop bag that is modern, contemporary, and feature rich. Timeless classic design with well considered personal electronics organisation. Pramadda’s not just in the business of making luggage, we’re in the business of building confidence. Confidence that when you step off the curb, your luggage wheel isn't going to pop off. Confidence that if you put your laptop in the bag in one piece, that’s the way it will come out. Pramadda has set an industry precedence by perfecting and innovating luggage, casual bags, backpacks, travel accessories, and laptop bags.Reliability, durability, style and innovative functionality are the key factors of our products. If you are going to head out the door, do it with peace of mind. Because, life has a way of coming at you fast. Be ready for anywhere.",B0C8KSC5N7,"Introducing a business laptop bag that is modern, contemporary, and feature rich. Timeless classic design with well considered personal electronics organisation. Pramadda’s not just in the business of making luggage, we’re in the business of building confidence. Confidence that when you step off the curb, your luggage wheel isn't going to pop off. Confidence that if you put your laptop in the bag in one piece, that’s the way it will come out. Pramadda has set an industry precedence by perfecting and innovating luggage, casual bags, backpacks, travel accessories, and laptop bags.Reliability, durability, style and innovative functionality are the key factors of our products. If you are going to head out the door, do it with peace of mind. Because, life has a way of coming at you fast. Be ready for anywhere.",Pramodaa Overseas India
https://www.amazon.in/sspa/click?ie=UTF8&spc=MToyOTk2NDcyNzcwMzgzNjg1OjE2ODg3MzIxOTE6c3BfYnRmOjMwMDAwNDA3NTY3ODQzMjo6MDo6&url=%2FPramadda-Pure-Luxury-Compartment-Tourister%2Fdp%2FB0C8KSC5N7%2Fref%3Dsr_1_22_sspa%3Fcrid%3D2M096C61O4MLT%26keywords%3Dbags%26qid%3D1688732191%26sprefix%3Dba%252Caps%252C283%26sr%3D8-22-spons%26sp_csd%3Dd2lkZ2V0TmFtZT1zcF9idGY%26psc%3D1,Pramadda Pure Luxury Elegant Vegan Leather 15.6 Inch Laptop Backpack for Men Women | Trendy Bags for Office College School Travel | Three Compartment Tourister Leather Bags. (Choco Brown),"1,399.",5.0,1 rating,"Introducing a business laptop bag that is modern, contemporary, and feature rich. Timeless classic design with well considered personal electronics organisation. Pramadda’s not just in the business of making luggage, we’re in the business of building confidence. Confidence that when you step off the curb, your luggage wheel isn't going to pop off. Confidence that if you put your laptop in the bag in one piece, that’s the way it will come out. Pramadda has set an industry precedence by perfecting and innovating luggage, casual bags, backpacks, travel accessories, and laptop bags.Reliability, durability, style and innovative functionality are the key factors of our products. If you are going to head out the door, do it with peace of mind. Because, life has a way of coming at you fast. Be ready for anywhere.",B0C8KSC5N7,"Introducing a business laptop bag that is modern, contemporary, and feature rich. Timeless classic design with well considered personal electronics organisation. Pramadda’s not just in the business of making luggage, we’re in the business of building confidence. Confidence that when you step off the curb, your luggage wheel isn't going to pop off. Confidence that if you put your laptop in the bag in one piece, that’s the way it will come out. Pramadda has set an industry precedence by perfecting and innovating luggage, casual bags, backpacks, travel accessories, and laptop bags.Reliability, durability, style and innovative functionality are the key factors of our products. If you are going to head out the door, do it with peace of mind. Because, life has a way of coming at you fast. Be ready for anywhere.",Pramodaa Overseas India
